INSERT INTO public.author(
	author_lname, author_fname)
	VALUES ('Guindon', 'Justin');

INSERT INTO public.author(
	author_lname, author_fname)
	VALUES ('Charleton', 'Catherine');

INSERT INTO public.author(
	author_lname, author_fname)
	VALUES ('Ericson', 'Edna');

INSERT INTO public.author(
	author_lname, author_fname)
	VALUES ('Yablonski', 'Yanick');

INSERT INTO public.author(
	author_lname, author_fname)
	VALUES ('Orbit', 'Owen');

INSERT INTO public.author(
	author_lname, author_fname)
	VALUES ('Iverson', 'Isaac');

INSERT INTO public.author(
	author_lname, author_fname)
	VALUES ('Plank', 'Peter');

INSERT INTO public.author(
	author_lname, author_fname)
	VALUES ('Rhodes', 'Riley');

INSERT INTO public.author(
	author_lname, author_fname)
	VALUES ('Jackson', 'John');

INSERT INTO public.author(
	author_lname, author_fname)
	VALUES ('West', 'Wesley');

INSERT INTO public.author(
	author_lname, author_fname)
	VALUES ('Queen', 'Quinton');

INSERT INTO public.author(
	author_lname, author_fname)
	VALUES ('Anderson', 'Allison');

INSERT INTO public.author(
	author_lname, author_fname)
	VALUES ('Dew', 'Derrick');

INSERT INTO public.author(
	author_lname, author_fname)
	VALUES ('Lang', 'Larry');

INSERT INTO public.author(
	author_lname, author_fname)
	VALUES ('Mick', 'James');

INSERT INTO public.author(
	author_lname, author_fname)
	VALUES ('Benson', 'Barry');

INSERT INTO public.author(
	author_lname, author_fname)
	VALUES ('Fendor', 'Franklin');

INSERT INTO public.book(
	book_name, book_genre, book_pages, book_publisher, book_price, book_date, book_stock, book_percentage, book_authornamef, book_authornamel, book_sold)
	VALUES ('Beginner Game', 'Drama', 520, 'Strawberry Lemonade', 17.99, '2005-10-29', 20, 0.15, 'Justin', 'Guindon', 0);

INSERT INTO public.book(
	book_name, book_genre, book_pages, book_publisher, book_price, book_date, book_stock, book_percentage, book_authornamef, book_authornamel, book_sold)
	VALUES ('OuchOuch', 'Fantasy', 312, 'Tea', 12.99, '2003-02-09', 20, 0.10, 'Catherine', 'Charleton', 0);

INSERT INTO public.book(
	book_name, book_genre, book_pages, book_publisher, book_price, book_date, book_stock, book_percentage, book_authornamef, book_authornamel, book_sold)
	VALUES ('Pajama Girl', 'History', 127, 'Black Coffee', 7.95, '2010-03-05', 20, 0.05, 'Edna', 'Ericson', 0);

INSERT INTO public.book(
	book_name, book_genre, book_pages, book_publisher, book_price, book_date, book_stock, book_percentage, book_authornamef, book_authornamel, book_sold)
	VALUES ('I Ate too Much', 'History', 97, 'KiwiJuice', 7.00, '2010-12-04', 20, 0.25, 'Franklin', 'Fendor', 0);

INSERT INTO public.book(
	book_name, book_genre, book_pages, book_publisher, book_price, book_date, book_stock, book_percentage, book_authornamef, book_authornamel, book_sold)
	VALUES ('Packerman Shield', 'Biography', 227, 'LimeWires', 10.50, '2014-09-13', 20, 0.13, 'Isaac', 'Iverson', 0);

INSERT INTO public.book(
	book_name, book_genre, book_pages, book_publisher, book_price, book_date, book_stock, book_percentage, book_authornamef, book_authornamel, book_sold)
	VALUES ('BookBook', 'Drama', 391, 'Brewski', 13.99, '1995-01-30', 20, 0.16, 'John', 'Jackson', 0);

INSERT INTO public.book(
	book_name, book_genre, book_pages, book_publisher, book_price, book_date, book_stock, book_percentage, book_authornamef, book_authornamel, book_sold)
	VALUES ('Breaking Sad', 'Science', 675, 'Strawberry Lemonade', 19.95, '2016-06-12', 20, 0.20, 'Larry', 'Lang', 0);

INSERT INTO public.book(
	book_name, book_genre, book_pages, book_publisher, book_price, book_date, book_stock, book_percentage, book_authornamef, book_authornamel, book_sold)
	VALUES ('My Thigh is Itchy', 'Non Fiction', 209, 'Tea', 10.00, '2018-12-22', 20, 0.11, 'James', 'Mick', 0);

INSERT INTO public.book(
	book_name, book_genre, book_pages, book_publisher, book_price, book_date, book_stock, book_percentage, book_authornamef, book_authornamel, book_sold)
	VALUES ('Tales of the Sag', 'Horror', 576, 'Black Coffee', 18.75, '1995-04-27', 20, 0.18, 'Owen', 'Orbit', 0);

INSERT INTO public.book(
	book_name, book_genre, book_pages, book_publisher, book_price, book_date, book_stock, book_percentage, book_authornamef, book_authornamel, book_sold)
	VALUES ('Typing Stuff', 'Fantasy', 493, 'KiwiJuice', 15.99, '2007-11-23', 20, 0.15, 'Peter', 'Plank', 0);

INSERT INTO public.book(
	book_name, book_genre, book_pages, book_publisher, book_price, book_date, book_stock, book_percentage, book_authornamef, book_authornamel, book_sold)
	VALUES ('Ender Practice', 'Romance', 167, 'LimeWires', 9.99, '1999-09-09', 20, 0.12, 'Quinton', 'Queen', 0);

INSERT INTO public.book(
	book_name, book_genre, book_pages, book_publisher, book_price, book_date, book_stock, book_percentage, book_authornamef, book_authornamel, book_sold)
	VALUES ('Scritch Your Pet', 'Non Fiction', 92, 'Brewski', 8.25, '2001-12-07', 20, 0.11, 'Riley', 'Rhodes', 0);

INSERT INTO public.book(
	book_name, book_genre, book_pages, book_publisher, book_price, book_date, book_stock, book_percentage, book_authornamef, book_authornamel, book_sold)
	VALUES ('Nook is a Crook', 'Biography', 246, 'Strawberry Lemonade', 12.00, '2012-07-15', 20, 0.15, 'Allison', 'Anderson', 0);

INSERT INTO public.book(
	book_name, book_genre, book_pages, book_publisher, book_price, book_date, book_stock, book_percentage, book_authornamef, book_authornamel, book_sold)
	VALUES ('Salami Puncher', 'Mystery', 282, 'Tea', 11.79, '2004-03-08', 20, 0.14, 'Barry', 'Benson', 0);

INSERT INTO public.book(
	book_name, book_genre, book_pages, book_publisher, book_price, book_date, book_stock, book_percentage, book_authornamef, book_authornamel, book_sold)
	VALUES ('Yuuuuuup', 'Cooking', 406, 'Black Coffee', 14.99, '2002-09-15', 20, 0.10, 'Derrick', 'Dew', 0);

INSERT INTO public.book(
	book_name, book_genre, book_pages, book_publisher, book_price, book_date, book_stock, book_percentage, book_authornamef, book_authornamel, book_sold)
	VALUES ('CasaBofa', 'Romance', 198, 'KiwiJuice', 9.99, '2012-08-11', 20, 0.15, 'Wesley', 'West', 0);

INSERT INTO public.book(
	book_name, book_genre, book_pages, book_publisher, book_price, book_date, book_stock, book_percentage, book_authornamef, book_authornamel, book_sold)
	VALUES ('SuperWario', 'Adventure', 666, 'Strawberry Lemonade', 71.00, '2019-06-12', 20, 0.15, 'Yanick', 'Yablonski', 0);

INSERT INTO public.publisher(
	p_name, p_address, p_email, "p_phoneNum", "p_bankAccount")
	VALUES ('Tea', '98 David Crescent', 'teapub@hotmail.com', '1111111111', 8520258);

INSERT INTO public.publisher(
	p_name, p_address, p_email, "p_phoneNum", "p_bankAccount")
	VALUES ('Strawberry Lemonade', '95 Innes Road', 'sLemonade@gmail.com', '2222222222', 52164);

INSERT INTO public.publisher(
	p_name, p_address, p_email, "p_phoneNum", "p_bankAccount")
	VALUES ('Black Coffee', '1500 Anderson Street', 'bc@gmail.com', '3333333333', 951951);

INSERT INTO public.publisher(
	p_name, p_address, p_email, "p_phoneNum", "p_bankAccount")
	VALUES ('Brewski', '61 Nash Road', 'brewski@gmail.com', '4444444444', 456123);

INSERT INTO public.publisher(
	p_name, p_address, p_email, "p_phoneNum", "p_bankAccount")
	VALUES ('LimeWires', '78 Virus Street', 'LimeWires@gmail.com', '5555555555', 85231465);

INSERT INTO public.publisher(
	p_name, p_address, p_email, "p_phoneNum", "p_bankAccount")
	VALUES ('KiwiJuice', '4165 Style Road', 'KiwiJuice@gmail.com', '6666666666', 156123189);


INSERT INTO public.users(
        user_lname, user_fname, user_address, "user_phoneNum", user_email, user_pass, user_cardnumber)
        VALUES ('Franklin', 'Erica', '14 Weber Street', '1234567890', 'EricaFranklin@yahoo.com', '1234', '123456');

INSERT INTO public.users(
        user_lname, user_fname, user_address, "user_phoneNum", user_email, user_pass, user_cardnumber)
        VALUES ('Trunk', 'Ronald', '123 White Road', '2345678901', 'RTrunk@gmail.com', 'GetTrunky', '5240163');

INSERT INTO public.users(
        user_lname, user_fname, user_address, "user_phoneNum", user_email, user_pass, user_cardnumber)
        VALUES ('John', 'Joe', '123 Crescent Crescent', '1112223456', 'jj@gmail.com', 'jj', '4275395');

INSERT INTO public.users(
        user_lname, user_fname, user_address, "user_phoneNum", user_email, user_pass, user_cardnumber)
        VALUES ('Enna', 'Anne', '123 Tumbo Lane', '2225851245', 'anne@gmail.com', '1234', '85208520');

INSERT INTO public.owner(
	owner_email, owner_password, owner_lname, owner_fname)
	VALUES ('mandymore@gmail.com', 'managermandy', 'More', 'Mandy');












































































































